TIMESTAMP,TRACK_ID,OBJECT_TYPE,X,Y,CITY_NAME
315972333.25229704,00000000-0000-0000-0000-000000057429,OTHERS,1787.3492666440563,405.0139837026706,PIT
315972333.3543746,00000000-0000-0000-0000-000000057429,OTHERS,1786.4185864637534,404.2495171750832,PIT
315972333.45557386,00000000-0000-0000-0000-000000057429,OTHERS,1785.528543032539,403.5395986450661,PIT
315972333.5538361,00000000-0000-0000-0000-000000057429,OTHERS,1784.49058767678,402.76813726141273,PIT
315972333.65502185,00000000-0000-0000-0000-000000057429,OTHERS,1783.618576279411,402.0351456398472,PIT
315972333.75899464,00000000-0000-0000-0000-000000057429,OTHERS,1782.6943748850915,401.2337001263776,PIT
315972333.85810494,00000000-0000-0000-0000-000000057429,OTHERS,1781.6411161528588,400.4342257643914,PIT
315972333.95922035,00000000-0000-0000-0000-000000057429,OTHERS,1780.704779533357,399.7030673408727,PIT
315972334.04915583,00000000-0000-0000-0000-000000057429,OTHERS,1779.689655692738,398.8964004634885,PIT
315972334.15105474,00000000-0000-0000-0000-000000057429,OTHERS,1778.6819749110816,398.1000964274542,PIT
315972334.2510669,00000000-0000-0000-0000-000000057429,OTHERS,1777.8128545191223,397.4592451222045,PIT
315972334.3510696,00000000-0000-0000-0000-000000057429,OTHERS,1776.764713831593,396.686054950877,PIT
315972334.45146793,00000000-0000-0000-0000-000000057429,OTHERS,1775.8711417461927,396.0820020473242,PIT
315972334.55053127,00000000-0000-0000-0000-000000057429,OTHERS,1774.8236932203408,395.14463491270135,PIT
315972334.6492877,00000000-0000-0000-0000-000000057429,OTHERS,1773.728427745746,394.23804655961777,PIT
315972334.74861884,00000000-0000-0000-0000-000000057429,OTHERS,1772.7936997026643,393.4929062643968,PIT
315972334.85129935,00000000-0000-0000-0000-000000057429,OTHERS,1771.9412243865231,392.7728122867173,PIT
315972334.94945765,00000000-0000-0000-0000-000000057429,OTHERS,1771.2952351569577,392.1170923029569,PIT
315972335.050746,00000000-0000-0000-0000-000000057429,OTHERS,1770.69501889432,391.3484565538568,PIT
315972335.1523172,00000000-0000-0000-0000-000000057429,OTHERS,1770.4310571807175,390.64798034815584,PIT
315972335.2623056,00000000-0000-0000-0000-000000057429,OTHERS,1770.4310571739286,390.6479803525489,PIT
315972335.3600279,00000000-0000-0000-0000-000000057429,OTHERS,1770.431057167138,390.6479803569426,PIT
315972335.45321417,00000000-0000-0000-0000-000000057429,OTHERS,1770.4310571603492,390.6479803613365,PIT
315972333.25229704,00000000-0000-0000-0000-000000057455,OTHERS,1763.7740462502709,429.0419518102077,PIT
315972333.3543746,00000000-0000-0000-0000-000000057455,OTHERS,1763.1900619986377,429.6942282630016,PIT
315972333.45557386,00000000-0000-0000-0000-000000057455,OTHERS,1762.808914197037,430.0824256703376,PIT
315972333.5538361,00000000-0000-0000-0000-000000057455,OTHERS,1762.3829346146313,430.5499118891698,PIT
315972333.65502185,00000000-0000-0000-0000-000000057455,OTHERS,1761.902287696716,431.08970207175474,PIT
315972333.75899464,00000000-0000-0000-0000-000000057455,OTHERS,1761.4381177072726,431.6145054257617,PIT
315972333.85810494,00000000-0000-0000-0000-000000057455,OTHERS,1761.0155664593128,432.0932639833731,PIT
315972333.95922035,00000000-0000-0000-0000-000000057455,OTHERS,1760.7043474730071,432.43631684883695,PIT
315972334.04915583,00000000-0000-0000-0000-000000057455,OTHERS,1760.204286790364,433.0420591234494,PIT
315972334.15105474,00000000-0000-0000-0000-000000057455,OTHERS,1759.6380650330475,433.5784713585613,PIT
315972334.2510669,00000000-0000-0000-0000-000000057455,OTHERS,1759.5921575908865,433.7600975283119,PIT
315972334.3510696,00000000-0000-0000-0000-000000057455,OTHERS,1759.0536555659237,434.3704803178905,PIT
315972334.45146793,00000000-0000-0000-0000-000000057455,OTHERS,1758.7094357084936,434.5940375114608,PIT
315972334.55053127,00000000-0000-0000-0000-000000057455,OTHERS,1758.3307861214612,434.9765935764033,PIT
315972334.6492877,00000000-0000-0000-0000-000000057455,OTHERS,1757.903221596686,435.67979770706137,PIT
315972334.74861884,00000000-0000-0000-0000-000000057455,OTHERS,1757.638650468674,436.0672863771462,PIT
315972334.85129935,00000000-0000-0000-0000-000000057455,OTHERS,1757.2388080578485,436.4574466143633,PIT
315972334.94945765,00000000-0000-0000-0000-000000057455,OTHERS,1756.9022389668537,436.9036837248034,PIT
315972335.050746,00000000-0000-0000-0000-000000057455,OTHERS,1756.572996600975,437.30403489045113,PIT
315972335.1523172,00000000-0000-0000-0000-000000057455,OTHERS,1756.2760046536566,437.698442117455,PIT
315972335.2623056,00000000-0000-0000-0000-000000057455,OTHERS,1755.9010112062117,438.07652012980566,PIT
315972335.3600279,00000000-0000-0000-0000-000000057455,OTHERS,1755.6832076667126,438.3441061835868,PIT
315972335.45321417,00000000-0000-0000-0000-000000057455,OTHERS,1755.3350688769494,438.7886293699434,PIT
315972335.5497027,00000000-0000-0000-0000-000000057455,OTHERS,1755.091795270319,439.0104730138542,PIT
315972335.6449998,00000000-0000-0000-0000-000000057455,OTHERS,1754.742104425162,439.509126508058,PIT
315972335.75021136,00000000-0000-0000-0000-000000057455,OTHERS,1754.5177397459445,439.7917315064079,PIT
315972335.84897685,00000000-0000-0000-0000-000000057455,OTHERS,1754.1641016788992,440.0096106438156,PIT
315972335.94824475,00000000-0000-0000-0000-000000057455,OTHERS,1754.016192419676,440.35201386143615,PIT
315972336.04916114,00000000-0000-0000-0000-000000057455,OTHERS,1753.8516954238528,440.61563464650186,PIT
315972336.1512478,00000000-0000-0000-0000-000000057455,OTHERS,1753.7616232405796,440.8344686846149,PIT
315972336.25336164,00000000-0000-0000-0000-000000057455,OTHERS,1753.3435711421946,441.0804668906134,PIT
315972336.35073835,00000000-0000-0000-0000-000000057455,OTHERS,1753.1135604951016,441.450833514921,PIT
315972336.4531622,00000000-0000-0000-0000-000000057455,OTHERS,1752.8988336814537,441.7350648678226,PIT
315972336.55683976,00000000-0000-0000-0000-000000057455,OTHERS,1752.7327333326034,441.80588029977065,PIT
315972336.6539576,00000000-0000-0000-0000-000000057455,OTHERS,1752.5283832858497,442.152500730964,PIT
315972336.750269,00000000-0000-0000-0000-000000057455,OTHERS,1752.4587796806327,442.2636340567398,PIT
315972336.84391814,00000000-0000-0000-0000-000000057455,OTHERS,1752.2359678936425,442.55099466789375,PIT
315972336.96327657,00000000-0000-0000-0000-000000057455,OTHERS,1752.1512878075214,442.6943950002856,PIT
315972337.05401343,00000000-0000-0000-0000-000000057455,OTHERS,1751.846118346542,442.8985854558544,PIT
315972337.16375786,00000000-0000-0000-0000-000000057455,OTHERS,1751.766452553823,443.0548991671535,PIT
315972337.24840605,00000000-0000-0000-0000-000000057455,OTHERS,1751.6624176997443,443.14778897159874,PIT
315972337.35458213,00000000-0000-0000-0000-000000057455,OTHERS,1751.4215480650907,443.4584198292134,PIT
315972337.4485729,00000000-0000-0000-0000-000000057455,OTHERS,1751.3360954413674,443.5809025899789,PIT
315972337.5446156,00000000-0000-0000-0000-000000057455,OTHERS,1751.3163878690314,443.6023487782849,PIT
315972337.6428197,00000000-0000-0000-0000-000000057455,OTHERS,1751.0783996028094,443.7920863379454,PIT
315972337.74713194,00000000-0000-0000-0000-000000057455,OTHERS,1751.0289429908216,443.965618904892,PIT
315972337.8496787,00000000-0000-0000-0000-000000057455,OTHERS,1750.8762398495212,444.0615989578735,PIT
315972337.9485953,00000000-0000-0000-0000-000000057455,OTHERS,1750.8223507720877,444.1078549737295,PIT
315972338.0475016,00000000-0000-0000-0000-000000057455,OTHERS,1750.77381469922,444.21120702700574,PIT
315972338.1461541,00000000-0000-0000-0000-000000057455,OTHERS,1750.6594416784608,444.3558841707728,PIT
315972333.25229704,00000000-0000-0000-0000-000000057471,OTHERS,1815.249266518528,424.80614816188097,PIT
315972333.3543746,00000000-0000-0000-0000-000000057471,OTHERS,1815.670977315309,424.92391943548097,PIT
315972333.45557386,00000000-0000-0000-0000-000000057471,OTHERS,1817.249347515937,426.78114368775255,PIT
315972333.5538361,00000000-0000-0000-0000-000000057471,OTHERS,1818.1065902815344,426.8441575898812,PIT
315972333.65502185,00000000-0000-0000-0000-000000057471,OTHERS,1819.5276311580967,428.2273991964003,PIT
315972333.75899464,00000000-0000-0000-0000-000000057471,OTHERS,1819.527631162674,428.2273991788817,PIT
315972333.85810494,00000000-0000-0000-0000-000000057471,OTHERS,1823.12092603268,431.2588126178552,PIT
315972333.95922035,00000000-0000-0000-0000-000000057471,OTHERS,1823.108687677077,431.3391841610512,PIT
315972334.04915583,00000000-0000-0000-0000-000000057471,OTHERS,1824.112004868704,431.563031899822,PIT
315972334.15105474,00000000-0000-0000-0000-000000057471,OTHERS,1824.1120048744624,431.5630318809032,PIT
315972334.2510669,00000000-0000-0000-0000-000000057471,OTHERS,1824.112004880221,431.5630318619849,PIT
315972334.3510696,00000000-0000-0000-0000-000000057471,OTHERS,1824.112004885981,431.5630318430658,PIT
315972333.25229704,00000000-0000-0000-0000-000000057487,OTHERS,1769.289562141584,386.52006509435495,PIT
315972333.3543746,00000000-0000-0000-0000-000000057487,OTHERS,1769.970599133395,387.0217954821874,PIT
315972333.45557386,00000000-0000-0000-0000-000000057487,OTHERS,1770.5259411489085,387.5674155707072,PIT
315972333.5538361,00000000-0000-0000-0000-000000057487,OTHERS,1771.1317375769397,387.8310871702345,PIT
315972333.65502185,00000000-0000-0000-0000-000000057487,OTHERS,1771.7220260616166,388.51305500952975,PIT
315972333.75899464,00000000-0000-0000-0000-000000057487,OTHERS,1772.2694285014609,388.9489727213932,PIT
315972333.85810494,00000000-0000-0000-0000-000000057487,OTHERS,1772.8572650850938,389.42919084261496,PIT
315972333.95922035,00000000-0000-0000-0000-000000057487,OTHERS,1773.3617299811465,389.85220934284513,PIT
315972334.04915583,00000000-0000-0000-0000-000000057487,OTHERS,1773.9652774616227,390.3678755689251,PIT
315972334.15105474,00000000-0000-0000-0000-000000057487,OTHERS,1774.275686378086,390.6670071933278,PIT
315972334.2510669,00000000-0000-0000-0000-000000057487,OTHERS,1774.5471803401624,390.9620235329813,PIT
315972334.3510696,00000000-0000-0000-0000-000000057487,OTHERS,1774.4063088895791,391.02878720662005,PIT
315972334.45146793,00000000-0000-0000-0000-000000057487,OTHERS,1775.8651908228137,391.977845815547,PIT
315972334.55053127,00000000-0000-0000-0000-000000057487,OTHERS,1776.870821705476,392.627420246754,PIT
315972334.6492877,00000000-0000-0000-0000-000000057487,OTHERS,1776.7281352797906,392.66392308289176,PIT
315972334.74861884,00000000-0000-0000-0000-000000057487,OTHERS,1776.911819018489,392.9062730083512,PIT
315972334.85129935,00000000-0000-0000-0000-000000057487,OTHERS,1777.2347105144836,393.15165392613113,PIT
315972334.94945765,00000000-0000-0000-0000-000000057487,OTHERS,1777.4919508297828,393.33469907670434,PIT
315972335.050746,00000000-0000-0000-0000-000000057487,OTHERS,1777.8236844097237,393.58903178382553,PIT
315972335.1523172,00000000-0000-0000-0000-000000057487,OTHERS,1778.1007149859936,393.8147189858478,PIT
315972335.2623056,00000000-0000-0000-0000-000000057487,OTHERS,1778.3069507551395,393.9246743728813,PIT
315972335.3600279,00000000-0000-0000-0000-000000057487,OTHERS,1778.6280047891164,394.2144248842155,PIT
315972335.45321417,00000000-0000-0000-0000-000000057487,OTHERS,1778.8361385812332,394.38949989821737,PIT
315972335.5497027,00000000-0000-0000-0000-000000057487,OTHERS,1779.0527165891715,394.5615078473378,PIT
315972335.6449998,00000000-0000-0000-0000-000000057487,OTHERS,1779.238098463704,394.7009751294288,PIT
315972335.75021136,00000000-0000-0000-0000-000000057487,OTHERS,1779.4406811263434,394.84456686620064,PIT
315972335.84897685,00000000-0000-0000-0000-000000057487,OTHERS,1779.6187644019028,394.9592806664559,PIT
315972335.94824475,00000000-0000-0000-0000-000000057487,OTHERS,1779.714066823785,395.08858798969175,PIT
315972336.04916114,00000000-0000-0000-0000-000000057487,OTHERS,1779.8096896087802,395.2135723074082,PIT
315972336.1512478,00000000-0000-0000-0000-000000057487,OTHERS,1779.8897075149966,395.2797297805844,PIT
315972336.25336164,00000000-0000-0000-0000-000000057487,OTHERS,1780.0496086609107,395.4272843882033,PIT
315972336.35073835,00000000-0000-0000-0000-000000057487,OTHERS,1780.1284897619234,395.5530884893786,PIT
315972336.4531622,00000000-0000-0000-0000-000000057487,OTHERS,1780.2120802570194,395.6469080737433,PIT
315972336.55683976,00000000-0000-0000-0000-000000057487,OTHERS,1780.2863094136958,395.7090630613724,PIT
315972336.6539576,00000000-0000-0000-0000-000000057487,OTHERS,1780.3242893852423,395.75711701499984,PIT
315972336.750269,00000000-0000-0000-0000-000000057487,OTHERS,1780.3834282434295,395.81889637668,PIT
315972336.84391814,00000000-0000-0000-0000-000000057487,OTHERS,1780.423268702909,395.8348655567925,PIT
315972336.96327657,00000000-0000-0000-0000-000000057487,OTHERS,1780.5528575523117,395.9779393458786,PIT
315972337.05401343,00000000-0000-0000-0000-000000057487,OTHERS,1780.562322385659,395.97348459573874,PIT
315972337.16375786,00000000-0000-0000-0000-000000057487,OTHERS,1780.5729809212671,396.2567938102565,PIT
315972337.24840605,00000000-0000-0000-0000-000000057487,OTHERS,1780.613695256794,396.1132162430406,PIT
315972337.35458213,00000000-0000-0000-0000-000000057487,OTHERS,1780.724118128703,396.1054226977441,PIT
315972337.4485729,00000000-0000-0000-0000-000000057487,OTHERS,1780.7109013404663,396.29045038234887,PIT
315972337.5446156,00000000-0000-0000-0000-000000057487,OTHERS,1780.6884831353782,396.3521270686405,PIT
315972337.6428197,00000000-0000-0000-0000-000000057487,OTHERS,1780.684031942021,396.3209085594875,PIT
315972337.74713194,00000000-0000-0000-0000-000000057487,OTHERS,1780.8460403224374,396.30483038634,PIT
315972337.8496787,00000000-0000-0000-0000-000000057487,OTHERS,1780.6179153053638,396.3285055449029,PIT
315972337.9485953,00000000-0000-0000-0000-000000057487,OTHERS,1780.800304121576,396.5202838307818,PIT
315972338.0475016,00000000-0000-0000-0000-000000057487,OTHERS,1780.9466939861636,396.7121460924197,PIT
315972338.1461541,00000000-0000-0000-0000-000000057487,OTHERS,1781.045680378198,396.8227711151822,PIT
315972333.25229704,00000000-0000-0000-0000-000000057492,OTHERS,1762.9736944799045,419.2287052545269,PIT
315972333.3543746,00000000-0000-0000-0000-000000057492,OTHERS,1763.1231477420138,419.1587355288633,PIT
315972333.45557386,00000000-0000-0000-0000-000000057492,OTHERS,1762.9660401750823,419.24809448408655,PIT
315972333.5538361,00000000-0000-0000-0000-000000057492,OTHERS,1762.692344428536,419.3814600268532,PIT
315972333.65502185,00000000-0000-0000-0000-000000057492,OTHERS,1762.707101344473,419.4330444481601,PIT
315972333.75899464,00000000-0000-0000-0000-000000057492,OTHERS,1762.6597925095534,419.3555672173157,PIT
315972333.85810494,00000000-0000-0000-0000-000000057492,OTHERS,1762.7343287707513,419.32341307173897,PIT
315972333.95922035,00000000-0000-0000-0000-000000057492,OTHERS,1762.7424555905125,419.2992032227983,PIT
315972334.04915583,00000000-0000-0000-0000-000000057492,OTHERS,1762.8491454886996,419.3431879345293,PIT
315972334.15105474,00000000-0000-0000-0000-000000057492,OTHERS,1762.7436714665262,419.3081469557898,PIT
315972334.2510669,00000000-0000-0000-0000-000000057492,OTHERS,1762.695736982149,419.33151107919457,PIT
315972334.3510696,00000000-0000-0000-0000-000000057492,OTHERS,1762.7229697708285,419.36696667842864,PIT
315972334.45146793,00000000-0000-0000-0000-000000057492,OTHERS,1762.7049042655726,419.3590345611465,PIT
315972334.55053127,00000000-0000-0000-0000-000000057492,OTHERS,1762.6146797221734,419.4107396564978,PIT
315972334.6492877,00000000-0000-0000-0000-000000057492,OTHERS,1762.6283010964623,419.4058005083232,PIT
315972334.74861884,00000000-0000-0000-0000-000000057492,OTHERS,1762.7342880624915,419.41302081102447,PIT
315972334.85129935,00000000-0000-0000-0000-000000057492,OTHERS,1762.78519574068,419.36306412228674,PIT
315972334.94945765,00000000-0000-0000-0000-000000057492,OTHERS,1762.772191620441,419.4437312526396,PIT
315972335.050746,00000000-0000-0000-0000-000000057492,OTHERS,1762.7616972862568,419.43125268151823,PIT
315972335.1523172,00000000-0000-0000-0000-000000057492,OTHERS,1762.7407718042184,419.4514779684954,PIT
315972335.2623056,00000000-0000-0000-0000-000000057492,OTHERS,1762.63210745553,419.59625479184393,PIT
315972335.3600279,00000000-0000-0000-0000-000000057492,OTHERS,1762.6676981342823,419.5388872473092,PIT
315972335.45321417,00000000-0000-0000-0000-000000057492,OTHERS,1762.6638519172257,419.53718555882506,PIT
315972335.5497027,00000000-0000-0000-0000-000000057492,OTHERS,1762.6511850304391,419.5591043303244,PIT
315972335.6449998,00000000-0000-0000-0000-000000057492,OTHERS,1762.5911497934576,419.6537997128977,PIT
315972335.75021136,00000000-0000-0000-0000-000000057492,OTHERS,1762.5749493511084,419.6449418284087,PIT
315972335.84897685,00000000-0000-0000-0000-000000057492,OTHERS,1762.6452056178507,419.588024650616,PIT
315972335.94824475,00000000-0000-0000-0000-000000057492,OTHERS,1762.6450894199106,419.5755188426276,PIT
315972336.04916114,00000000-0000-0000-0000-000000057492,OTHERS,1762.6427641762152,419.59942205703067,PIT
315972336.1512478,00000000-0000-0000-0000-000000057492,OTHERS,1762.6146709788047,419.6015191547328,PIT
315972336.25336164,00000000-0000-0000-0000-000000057492,OTHERS,1762.5891673895003,419.60354918805086,PIT
315972336.35073835,00000000-0000-0000-0000-000000057492,OTHERS,1762.533913007457,419.6442005755082,PIT
315972336.4531622,00000000-0000-0000-0000-000000057492,OTHERS,1762.5838831362412,419.63142110821775,PIT
315972336.55683976,00000000-0000-0000-0000-000000057492,OTHERS,1762.5684068993896,419.66214429250687,PIT
315972336.6539576,00000000-0000-0000-0000-000000057492,OTHERS,1762.4402619657749,419.6828792271265,PIT
315972336.750269,00000000-0000-0000-0000-000000057492,OTHERS,1762.4220819353309,419.6265019586768,PIT
315972336.84391814,00000000-0000-0000-0000-000000057492,OTHERS,1762.7350019156866,419.2078970730735,PIT
315972336.96327657,00000000-0000-0000-0000-000000057492,OTHERS,1763.1685233633716,418.7562901184313,PIT
315972337.05401343,00000000-0000-0000-0000-000000057492,OTHERS,1763.168523360285,418.7562901221252,PIT
315972337.16375786,00000000-0000-0000-0000-000000057492,OTHERS,1763.168523357199,418.75629012582016,PIT
315972337.24840605,00000000-0000-0000-0000-000000057492,OTHERS,1761.9523793980793,420.5299696755954,PIT
315972337.35458213,00000000-0000-0000-0000-000000057492,OTHERS,1762.2604694938989,420.01035420116807,PIT
315972337.4485729,00000000-0000-0000-0000-000000057492,OTHERS,1762.5038671282666,419.81980249597086,PIT
315972337.5446156,00000000-0000-0000-0000-000000057492,OTHERS,1762.4522278706604,419.8301178279394,PIT
315972337.6428197,00000000-0000-0000-0000-000000057492,OTHERS,1762.4318203346074,419.83194688244896,PIT
315972337.74713194,00000000-0000-0000-0000-000000057492,OTHERS,1762.4086614685764,419.7567976645542,PIT
315972337.8496787,00000000-0000-0000-0000-000000057492,OTHERS,1762.434700713144,419.747530366796,PIT
315972337.9485953,00000000-0000-0000-0000-000000057492,OTHERS,1762.5101745922848,419.695563376783,PIT
315972338.0475016,00000000-0000-0000-0000-000000057492,OTHERS,1762.52445284472,419.6899958173145,PIT
315972338.1461541,00000000-0000-0000-0000-000000057492,OTHERS,1762.458505915368,419.7593322688285,PIT
315972333.25229704,00000000-0000-0000-0000-000000057494,OTHERS,1776.680329824513,420.0666665977282,PIT
315972333.3543746,00000000-0000-0000-0000-000000057494,OTHERS,1776.726672647472,420.02237973109504,PIT
315972333.45557386,00000000-0000-0000-0000-000000057494,OTHERS,1776.7548436295824,419.9880668579931,PIT
315972333.5538361,00000000-0000-0000-0000-000000057494,OTHERS,1776.68878553092,420.0537438977465,PIT
315972333.65502185,00000000-0000-0000-0000-000000057494,OTHERS,1776.6735537644602,420.1881907506637,PIT
315972333.75899464,00000000-0000-0000-0000-000000057494,OTHERS,1776.6544657622894,420.16735168997286,PIT
315972333.85810494,00000000-0000-0000-0000-000000057494,OTHERS,1776.6354818146156,420.157555284582,PIT
315972333.95922035,00000000-0000-0000-0000-000000057494,OTHERS,1776.641308795833,420.0024926307275,PIT
315972334.04915583,00000000-0000-0000-0000-000000057494,OTHERS,1776.6185997804273,420.1668283320162,PIT
315972334.15105474,00000000-0000-0000-0000-000000057494,OTHERS,1776.6172251104786,420.1769602061072,PIT
315972334.2510669,00000000-0000-0000-0000-000000057494,OTHERS,1776.576513753083,420.1539284182183,PIT
315972334.3510696,00000000-0000-0000-0000-000000057494,OTHERS,1776.578435177434,420.1199734775186,PIT
315972334.45146793,00000000-0000-0000-0000-000000057494,OTHERS,1776.590655609203,420.1295793266087,PIT
315972334.55053127,00000000-0000-0000-0000-000000057494,OTHERS,1776.53253726067,420.16962724467714,PIT
315972334.6492877,00000000-0000-0000-0000-000000057494,OTHERS,1776.5415029246506,420.1426963086618,PIT
315972334.74861884,00000000-0000-0000-0000-000000057494,OTHERS,1776.4690749634956,420.4088896079405,PIT
315972334.85129935,00000000-0000-0000-0000-000000057494,OTHERS,1776.5037356984792,420.3620846635909,PIT
315972334.94945765,00000000-0000-0000-0000-000000057494,OTHERS,1776.5017166491525,420.3588286776288,PIT
315972335.050746,00000000-0000-0000-0000-000000057494,OTHERS,1776.5343393193905,420.0629533406463,PIT
315972335.1523172,00000000-0000-0000-0000-000000057494,OTHERS,1776.439572605938,420.3002358957206,PIT
315972335.2623056,00000000-0000-0000-0000-000000057494,OTHERS,1776.3776373896058,420.4585799480298,PIT
315972335.3600279,00000000-0000-0000-0000-000000057494,OTHERS,1776.3740611937576,420.4412265250929,PIT
315972335.45321417,00000000-0000-0000-0000-000000057494,OTHERS,1776.323605396732,420.4842315155081,PIT
315972335.5497027,00000000-0000-0000-0000-000000057494,OTHERS,1776.213934290332,420.5600068773192,PIT
315972335.6449998,00000000-0000-0000-0000-000000057494,OTHERS,1776.3247192078302,420.5494472469903,PIT
315972335.75021136,00000000-0000-0000-0000-000000057494,OTHERS,1776.3125386067968,420.5960722595054,PIT
315972335.84897685,00000000-0000-0000-0000-000000057494,OTHERS,1776.2882068169024,420.5261337465493,PIT
315972335.94824475,00000000-0000-0000-0000-000000057494,OTHERS,1776.223586259053,420.6350193213203,PIT
315972336.04916114,00000000-0000-0000-0000-000000057494,OTHERS,1777.9221116253516,419.95004491861135,PIT
315972333.25229704,00000000-0000-0000-0000-000000057527,OTHERS,1801.6148196534543,421.0072847215915,PIT
315972333.3543746,00000000-0000-0000-0000-000000057527,OTHERS,1801.3217628569105,420.767884178868,PIT
315972333.45557386,00000000-0000-0000-0000-000000057527,OTHERS,1800.7794071317965,420.3041023196793,PIT
315972333.5538361,00000000-0000-0000-0000-000000057527,OTHERS,1800.3268473559956,419.8704153663888,PIT
315972333.65502185,00000000-0000-0000-0000-000000057527,OTHERS,1799.9674759375105,419.5411630048845,PIT
315972333.75899464,00000000-0000-0000-0000-000000057527,OTHERS,1799.5405918323356,419.1969144145021,PIT
315972333.85810494,00000000-0000-0000-0000-000000057527,OTHERS,1799.1330911114887,418.8084288703771,PIT
315972333.95922035,00000000-0000-0000-0000-000000057527,OTHERS,1798.6946440059469,418.4658399771848,PIT
315972334.04915583,00000000-0000-0000-0000-000000057527,OTHERS,1798.332274513562,418.1848167602314,PIT
315972334.15105474,00000000-0000-0000-0000-000000057527,OTHERS,1797.8738486623631,417.8220936672101,PIT
315972334.2510669,00000000-0000-0000-0000-000000057527,OTHERS,1797.4106503166558,417.3622246324632,PIT
315972334.3510696,00000000-0000-0000-0000-000000057527,OTHERS,1796.9330256748117,417.01938283725633,PIT
315972334.45146793,00000000-0000-0000-0000-000000057527,OTHERS,1796.5049999371024,416.6403230515404,PIT
315972334.55053127,00000000-0000-0000-0000-000000057527,OTHERS,1796.121733822832,416.29722398450576,PIT
315972334.6492877,00000000-0000-0000-0000-000000057527,OTHERS,1795.6989098746294,415.9083078810832,PIT
315972334.74861884,00000000-0000-0000-0000-000000057527,OTHERS,1795.1537677120143,415.5379586251043,PIT
315972334.85129935,00000000-0000-0000-0000-000000057527,OTHERS,1794.900140684712,415.3130084369232,PIT
315972334.94945765,00000000-0000-0000-0000-000000057527,OTHERS,1794.6490571515037,415.0773260061452,PIT
315972335.050746,00000000-0000-0000-0000-000000057527,OTHERS,1794.299811945213,414.77815937111535,PIT
315972335.1523172,00000000-0000-0000-0000-000000057527,OTHERS,1793.980590222347,414.52770781052,PIT
315972335.2623056,00000000-0000-0000-0000-000000057527,OTHERS,1793.639608022364,414.27602141547953,PIT
315972335.3600279,00000000-0000-0000-0000-000000057527,OTHERS,1793.30336949496,413.9789364613924,PIT
315972335.45321417,00000000-0000-0000-0000-000000057527,OTHERS,1793.0668889491674,413.81409545007233,PIT
315972335.5497027,00000000-0000-0000-0000-000000057527,OTHERS,1792.7642820236972,413.539970270847,PIT
315972335.6449998,00000000-0000-0000-0000-000000057527,OTHERS,1792.3947451610238,413.2422879948427,PIT
315972335.75021136,00000000-0000-0000-0000-000000057527,OTHERS,1792.1909234913137,413.02576052580207,PIT
315972335.84897685,00000000-0000-0000-0000-000000057527,OTHERS,1791.809953648584,412.7479140806742,PIT
315972335.94824475,00000000-0000-0000-0000-000000057527,OTHERS,1791.4955639283835,412.4296029500868,PIT
315972336.04916114,00000000-0000-0000-0000-000000057527,OTHERS,1791.182670250847,412.24558392060936,PIT
315972336.1512478,00000000-0000-0000-0000-000000057527,OTHERS,1790.8419024721563,411.98293374257736,PIT
315972336.25336164,00000000-0000-0000-0000-000000057527,OTHERS,1790.5413181210572,411.73235788114783,PIT
315972336.4531622,00000000-0000-0000-0000-000000057527,OTHERS,1789.911609448797,411.3128957960096,PIT
315972336.55683976,00000000-0000-0000-0000-000000057527,OTHERS,1789.5210331082908,411.1281682573745,PIT
315972336.6539576,00000000-0000-0000-0000-000000057527,OTHERS,1789.2594443488597,410.88610191645085,PIT
315972336.750269,00000000-0000-0000-0000-000000057527,OTHERS,1788.9381672014028,410.7029038420544,PIT
315972336.84391814,00000000-0000-0000-0000-000000057527,OTHERS,1788.59959037,410.5239479820774,PIT
315972336.96327657,00000000-0000-0000-0000-000000057527,OTHERS,1788.2284884656306,410.3189031690807,PIT
315972337.05401343,00000000-0000-0000-0000-000000057527,OTHERS,1787.832224788181,410.19051742548936,PIT
315972337.16375786,00000000-0000-0000-0000-000000057527,OTHERS,1787.5131356462707,410.0506835127679,PIT
315972337.24840605,00000000-0000-0000-0000-000000057527,OTHERS,1787.0774718035746,409.8781327219815,PIT
315972337.35458213,00000000-0000-0000-0000-000000057527,OTHERS,1786.718287177565,409.76946272171614,PIT
315972337.4485729,00000000-0000-0000-0000-000000057527,OTHERS,1786.3877260854902,409.7603398410438,PIT
315972337.5446156,00000000-0000-0000-0000-000000057527,OTHERS,1786.0293331517937,409.6598776839042,PIT
315972337.6428197,00000000-0000-0000-0000-000000057527,OTHERS,1785.6164413172337,409.6220623435132,PIT
315972337.74713194,00000000-0000-0000-0000-000000057527,OTHERS,1785.2905045603934,409.6067075781809,PIT
315972337.8496787,00000000-0000-0000-0000-000000057527,OTHERS,1784.7135791905173,409.5611598772758,PIT
315972337.9485953,00000000-0000-0000-0000-000000057527,OTHERS,1784.189689787862,409.54464205065017,PIT
315972338.0475016,00000000-0000-0000-0000-000000057527,OTHERS,1783.7751514285394,409.6050698643719,PIT
315972338.1461541,00000000-0000-0000-0000-000000057527,OTHERS,1783.3928355348685,409.679944287706,PIT
315972333.25229704,00000000-0000-0000-0000-000000057534,OTHERS,1773.0188704458676,423.6826733439457,PIT
315972333.3543746,00000000-0000-0000-0000-000000057534,OTHERS,1773.198128638635,423.6194019416587,PIT
315972333.45557386,00000000-0000-0000-0000-000000057534,OTHERS,1773.1817942645016,423.6889132567573,PIT
315972333.5538361,00000000-0000-0000-0000-000000057534,OTHERS,1773.2146094287789,423.7703372894917,PIT
315972333.65502185,00000000-0000-0000-0000-000000057534,OTHERS,1773.1677073352012,423.9977029419716,PIT
315972333.75899464,00000000-0000-0000-0000-000000057534,OTHERS,1773.1632061979171,423.9211661471312,PIT
315972333.85810494,00000000-0000-0000-0000-000000057534,OTHERS,1773.212047460551,423.9491035490551,PIT
315972333.95922035,00000000-0000-0000-0000-000000057534,OTHERS,1773.2549824034847,423.7960933837387,PIT
315972334.04915583,00000000-0000-0000-0000-000000057534,OTHERS,1773.1807237627029,423.87553563214,PIT
315972334.15105474,00000000-0000-0000-0000-000000057534,OTHERS,1773.2087732193097,423.89984171070887,PIT
315972334.2510669,00000000-0000-0000-0000-000000057534,OTHERS,1773.2111446546965,423.8794759288054,PIT
315972334.3510696,00000000-0000-0000-0000-000000057534,OTHERS,1773.2052732185498,423.9394610989008,PIT
315972334.45146793,00000000-0000-0000-0000-000000057534,OTHERS,1773.174816454413,423.8428280010521,PIT
315972334.55053127,00000000-0000-0000-0000-000000057534,OTHERS,1773.1894668813711,423.844088480923,PIT
315972334.6492877,00000000-0000-0000-0000-000000057534,OTHERS,1773.2364556334503,423.9336366492342,PIT
315972334.74861884,00000000-0000-0000-0000-000000057534,OTHERS,1773.2507652735724,423.93215299141815,PIT
315972334.85129935,00000000-0000-0000-0000-000000057534,OTHERS,1773.2374426490876,423.8656734089312,PIT
315972334.94945765,00000000-0000-0000-0000-000000057534,OTHERS,1773.2144331222046,423.8666645796378,PIT
315972335.050746,00000000-0000-0000-0000-000000057534,OTHERS,1773.2024667690466,423.8483286569957,PIT
315972335.1523172,00000000-0000-0000-0000-000000057534,OTHERS,1773.2192616839304,423.82726232745887,PIT
315972335.2623056,00000000-0000-0000-0000-000000057534,OTHERS,1773.1943375843036,423.944162805485,PIT
315972335.3600279,00000000-0000-0000-0000-000000057534,OTHERS,1773.2098602896476,423.79765168279687,PIT
315972335.45321417,00000000-0000-0000-0000-000000057534,OTHERS,1773.1865455949546,423.8282127425738,PIT
315972335.5497027,00000000-0000-0000-0000-000000057534,OTHERS,1773.1725565382626,423.861847891764,PIT
315972335.6449998,00000000-0000-0000-0000-000000057534,OTHERS,1773.188312877245,423.82084999430015,PIT
315972335.75021136,00000000-0000-0000-0000-000000057534,OTHERS,1773.1905840447157,423.8583945532455,PIT
315972335.84897685,00000000-0000-0000-0000-000000057534,OTHERS,1773.1548306315713,423.84959117858136,PIT
315972335.94824475,00000000-0000-0000-0000-000000057534,OTHERS,1773.1821764641802,423.8045994394176,PIT
315972336.04916114,00000000-0000-0000-0000-000000057534,OTHERS,1774.8715754663797,422.0515053225327,PIT
315972336.1512478,00000000-0000-0000-0000-000000057534,OTHERS,1774.7779140332364,422.2948874852058,PIT
315972336.25336164,00000000-0000-0000-0000-000000057534,OTHERS,1775.004710792968,421.9794656785215,PIT
315972336.35073835,00000000-0000-0000-0000-000000057534,OTHERS,1774.951328873746,422.0434315838107,PIT
315972336.4531622,00000000-0000-0000-0000-000000057534,OTHERS,1774.7663514050946,422.3998875866256,PIT
315972336.55683976,00000000-0000-0000-0000-000000057534,OTHERS,1774.7129560142484,422.4260357962392,PIT
315972336.750269,00000000-0000-0000-0000-000000057534,OTHERS,1774.6741345976047,422.5163487676655,PIT
315972336.84391814,00000000-0000-0000-0000-000000057534,OTHERS,1774.6368737626929,422.54097060024674,PIT
315972336.96327657,00000000-0000-0000-0000-000000057534,OTHERS,1774.7910141225714,422.2012408583408,PIT
315972337.05401343,00000000-0000-0000-0000-000000057534,OTHERS,1774.6347546902807,422.53274942495176,PIT
315972337.16375786,00000000-0000-0000-0000-000000057534,OTHERS,1774.665023600632,422.5339921230597,PIT
315972337.24840605,00000000-0000-0000-0000-000000057534,OTHERS,1774.613400909884,422.5266562391204,PIT
315972337.35458213,00000000-0000-0000-0000-000000057534,OTHERS,1774.6032178806954,422.59993377414185,PIT
315972337.4485729,00000000-0000-0000-0000-000000057534,OTHERS,1774.5995856244126,422.6091070398425,PIT
315972337.5446156,00000000-0000-0000-0000-000000057534,OTHERS,1774.6084345398624,422.6288259529181,PIT
315972337.6428197,00000000-0000-0000-0000-000000057534,OTHERS,1774.7015018842503,422.5482450813156,PIT
315972337.74713194,00000000-0000-0000-0000-000000057534,OTHERS,1774.6844289515548,422.5754533016189,PIT
315972337.8496787,00000000-0000-0000-0000-000000057534,OTHERS,1774.5980975193906,422.6280059009392,PIT
315972337.9485953,00000000-0000-0000-0000-000000057534,OTHERS,1774.5918336763257,422.622676707213,PIT
315972338.0475016,00000000-0000-0000-0000-000000057534,OTHERS,1774.545675133739,422.65817768877207,PIT
315972338.1461541,00000000-0000-0000-0000-000000057534,OTHERS,1774.5441267626682,422.67553808345673,PIT
315972333.25229704,00000000-0000-0000-0000-000000057537,OTHERS,1745.832160107458,443.1201759288277,PIT
315972333.3543746,00000000-0000-0000-0000-000000057537,OTHERS,1746.5436983904217,442.333028168362,PIT
315972333.45557386,00000000-0000-0000-0000-000000057537,OTHERS,1746.6247372599396,442.38882968286936,PIT
315972333.5538361,00000000-0000-0000-0000-000000057537,OTHERS,1747.2658570311637,441.5520311262162,PIT
315972333.65502185,00000000-0000-0000-0000-000000057537,OTHERS,1747.7517129156297,441.0150253367938,PIT
315972333.75899464,00000000-0000-0000-0000-000000057537,OTHERS,1748.2338881474882,440.5176176086278,PIT
315972333.85810494,00000000-0000-0000-0000-000000057537,OTHERS,1748.866509230196,439.6779553165802,PIT
315972333.95922035,00000000-0000-0000-0000-000000057537,OTHERS,1749.4247357581298,439.2198854287556,PIT
315972334.04915583,00000000-0000-0000-0000-000000057537,OTHERS,1749.9230534695805,438.70669695471184,PIT
315972334.15105474,00000000-0000-0000-0000-000000057537,OTHERS,1750.4955852460648,438.02528288631663,PIT
315972334.2510669,00000000-0000-0000-0000-000000057537,OTHERS,1751.0617694260434,437.3909283771212,PIT
315972334.3510696,00000000-0000-0000-0000-000000057537,OTHERS,1751.6093192411922,436.7938124934328,PIT
315972334.45146793,00000000-0000-0000-0000-000000057537,OTHERS,1752.2357818771866,436.1123833532683,PIT
315972334.55053127,00000000-0000-0000-0000-000000057537,OTHERS,1752.7367280212686,435.5914085607987,PIT
315972334.6492877,00000000-0000-0000-0000-000000057537,OTHERS,1753.2914614777796,434.9856377670477,PIT
315972334.74861884,00000000-0000-0000-0000-000000057537,OTHERS,1753.8503721590305,434.343210231536,PIT
315972334.85129935,00000000-0000-0000-0000-000000057537,OTHERS,1754.5512817960168,433.6241708731771,PIT
315972334.94945765,00000000-0000-0000-0000-000000057537,OTHERS,1755.0333663063504,433.1265566345848,PIT
315972335.050746,00000000-0000-0000-0000-000000057537,OTHERS,1755.5672685204322,432.5551664962268,PIT
315972335.1523172,00000000-0000-0000-0000-000000057537,OTHERS,1756.1933470228823,431.8454125787283,PIT
315972335.2623056,00000000-0000-0000-0000-000000057537,OTHERS,1756.7102142014794,431.36036904518767,PIT
315972335.3600279,00000000-0000-0000-0000-000000057537,OTHERS,1757.290463947442,430.6969116103215,PIT
315972335.45321417,00000000-0000-0000-0000-000000057537,OTHERS,1757.866331299011,430.1374257799197,PIT
315972335.5497027,00000000-0000-0000-0000-000000057537,OTHERS,1758.469348744038,429.4086401384626,PIT
315972335.6449998,00000000-0000-0000-0000-000000057537,OTHERS,1758.9992001303185,428.8391655474248,PIT
315972335.75021136,00000000-0000-0000-0000-000000057537,OTHERS,1759.497326178755,428.2284929392079,PIT
315972335.84897685,00000000-0000-0000-0000-000000057537,OTHERS,1760.1547378319883,427.6026193320677,PIT
315972335.94824475,00000000-0000-0000-0000-000000057537,OTHERS,1760.6765675725214,426.990890860576,PIT
315972336.04916114,00000000-0000-0000-0000-000000057537,OTHERS,1761.2703085678954,426.31296368927343,PIT
315972336.1512478,00000000-0000-0000-0000-000000057537,OTHERS,1761.7851030698062,425.7049787580472,PIT
315972336.25336164,00000000-0000-0000-0000-000000057537,OTHERS,1762.208345788364,425.15585669557663,PIT
315972336.35073835,00000000-0000-0000-0000-000000057537,OTHERS,1762.7623701845043,424.5255213435943,PIT
315972336.4531622,00000000-0000-0000-0000-000000057537,OTHERS,1763.3275897877038,423.8630748447444,PIT
315972336.55683976,00000000-0000-0000-0000-000000057537,OTHERS,1763.796032989202,423.31652779317216,PIT
315972336.6539576,00000000-0000-0000-0000-000000057537,OTHERS,1764.1876512048254,422.7665105949313,PIT
315972336.750269,00000000-0000-0000-0000-000000057537,OTHERS,1764.6649782609188,422.18880983018965,PIT
315972336.84391814,00000000-0000-0000-0000-000000057537,OTHERS,1765.1534531181958,421.6175355843959,PIT
315972336.96327657,00000000-0000-0000-0000-000000057537,OTHERS,1765.5650429479467,421.1505399138377,PIT
315972337.05401343,00000000-0000-0000-0000-000000057537,OTHERS,1766.018704540696,420.6375920697634,PIT
315972337.16375786,00000000-0000-0000-0000-000000057537,OTHERS,1766.504105930251,420.0357387708281,PIT
315972337.24840605,00000000-0000-0000-0000-000000057537,OTHERS,1766.8644511992734,420.02348035224617,PIT
315972337.35458213,00000000-0000-0000-0000-000000057537,OTHERS,1767.056835188762,419.56389721250434,PIT
315972337.4485729,00000000-0000-0000-0000-000000057537,OTHERS,1767.252686847339,419.2471235503612,PIT
315972337.5446156,00000000-0000-0000-0000-000000057537,OTHERS,1767.7249779184656,418.62980176459314,PIT
315972337.6428197,00000000-0000-0000-0000-000000057537,OTHERS,1768.1522603052506,418.0853539802159,PIT
315972337.74713194,00000000-0000-0000-0000-000000057537,OTHERS,1768.5106807871769,417.688089088954,PIT
315972337.8496787,00000000-0000-0000-0000-000000057537,OTHERS,1768.8502065320804,417.25172047144486,PIT
315972337.9485953,00000000-0000-0000-0000-000000057537,OTHERS,1769.2087667698745,416.7933147362723,PIT
315972338.0475016,00000000-0000-0000-0000-000000057537,OTHERS,1769.5767788860155,416.229560944515,PIT
315972338.1461541,00000000-0000-0000-0000-000000057537,OTHERS,1769.8700524184987,415.9352673421025,PIT
315972333.75899464,00000000-0000-0000-0000-000000057545,OTHERS,1740.5641362835063,466.1817204437521,PIT
315972333.85810494,00000000-0000-0000-0000-000000057545,OTHERS,1740.4803464269662,466.1065471121817,PIT
315972333.95922035,00000000-0000-0000-0000-000000057545,OTHERS,1740.0985932644253,465.9461108378228,PIT
315972334.04915583,00000000-0000-0000-0000-000000057545,OTHERS,1739.719606659215,465.4144012295719,PIT
315972334.15105474,00000000-0000-0000-0000-000000057545,OTHERS,1739.0543577989902,464.9745779632079,PIT
315972334.3510696,00000000-0000-0000-0000-000000057545,OTHERS,1738.4370543736648,464.6074629888722,PIT
315972334.45146793,00000000-0000-0000-0000-000000057545,OTHERS,1738.301819361786,464.15470186936136,PIT
315972334.55053127,00000000-0000-0000-0000-000000057545,OTHERS,1737.6799136639322,463.9299104892388,PIT
315972334.6492877,00000000-0000-0000-0000-000000057545,OTHERS,1737.3984166979794,463.528109567941,PIT
315972334.74861884,00000000-0000-0000-0000-000000057545,OTHERS,1737.1315601189167,463.38354033925833,PIT
315972334.85129935,00000000-0000-0000-0000-000000057545,OTHERS,1735.4956759253994,462.2974590165337,PIT
315972334.94945765,00000000-0000-0000-0000-000000057545,OTHERS,1735.4956759337656,462.2974590298312,PIT
315972335.050746,00000000-0000-0000-0000-000000057545,OTHERS,1734.989301940422,461.52752158564834,PIT
315972335.1523172,00000000-0000-0000-0000-000000057545,OTHERS,1734.4860629083014,460.9986105284671,PIT
315972335.2623056,00000000-0000-0000-0000-000000057545,OTHERS,1734.166595866355,460.7438643545172,PIT
315972335.3600279,00000000-0000-0000-0000-000000057545,OTHERS,1733.5968346097443,460.2860585875165,PIT
315972335.45321417,00000000-0000-0000-0000-000000057545,OTHERS,1731.858832243652,458.74567102007006,PIT
315972335.5497027,00000000-0000-0000-0000-000000057545,OTHERS,1731.347571019787,458.32460425491263,PIT
315972335.6449998,00000000-0000-0000-0000-000000057545,OTHERS,1731.172570103641,458.2767274005481,PIT
315972335.75021136,00000000-0000-0000-0000-000000057545,OTHERS,1730.4632216671887,457.56300295022766,PIT
315972335.84897685,00000000-0000-0000-0000-000000057545,OTHERS,1730.026863774705,457.27675477738336,PIT
315972335.94824475,00000000-0000-0000-0000-000000057545,OTHERS,1729.3702310447595,456.66172119716464,PIT
315972336.04916114,00000000-0000-0000-0000-000000057545,OTHERS,1728.7538589534713,456.1171588946192,PIT
315972336.1512478,00000000-0000-0000-0000-000000057545,OTHERS,1728.1853974751962,455.7757755341884,PIT
315972336.25336164,00000000-0000-0000-0000-000000057545,OTHERS,1727.502581635422,455.1191191378266,PIT
315972336.35073835,00000000-0000-0000-0000-000000057545,OTHERS,1726.920775617515,454.7439761821645,PIT
315972336.4531622,00000000-0000-0000-0000-000000057545,OTHERS,1726.9207756144,454.7439761859063,PIT
315972336.55683976,00000000-0000-0000-0000-000000057545,OTHERS,1723.8959946075156,452.1183872111197,PIT
315972336.6539576,00000000-0000-0000-0000-000000057545,OTHERS,1723.6046417132573,451.9079287304294,PIT
315972336.750269,00000000-0000-0000-0000-000000057545,OTHERS,1723.4545234102766,451.9598587060341,PIT
315972336.84391814,00000000-0000-0000-0000-000000057545,OTHERS,1722.9475211271051,451.54441592504935,PIT
315972336.96327657,00000000-0000-0000-0000-000000057545,OTHERS,1722.9475211239214,451.5444159285598,PIT
315972337.05401343,00000000-0000-0000-0000-000000057545,OTHERS,1722.9475211207382,451.5444159320712,PIT
315972337.16375786,00000000-0000-0000-0000-000000057545,OTHERS,1722.947521117556,451.54441593558266,PIT
315972334.45146793,00000000-0000-0000-0000-000000057547,OTHERS,1781.1942204440245,389.9133833167643,PIT
315972334.55053127,00000000-0000-0000-0000-000000057547,OTHERS,1780.9377885882348,389.7047102459938,PIT
315972334.6492877,00000000-0000-0000-0000-000000057547,OTHERS,1781.0374815135126,389.7909710828583,PIT
315972334.74861884,00000000-0000-0000-0000-000000057547,OTHERS,1780.9661253506788,389.7310009154055,PIT
315972334.85129935,00000000-0000-0000-0000-000000057547,OTHERS,1781.0155932706314,389.7510009974321,PIT
315972335.1523172,00000000-0000-0000-0000-000000057547,OTHERS,1781.644700725696,390.3325043131569,PIT
315972335.2623056,00000000-0000-0000-0000-000000057547,OTHERS,1782.5570728571963,391.07450295708014,PIT
315972335.3600279,00000000-0000-0000-0000-000000057547,OTHERS,1782.5197100520154,391.0552239648798,PIT
315972335.45321417,00000000-0000-0000-0000-000000057547,OTHERS,1783.0005745152723,391.4293406188176,PIT
315972335.5497027,00000000-0000-0000-0000-000000057547,OTHERS,1783.0005745152723,391.4293406188176,PIT
315972335.6449998,00000000-0000-0000-0000-000000057547,OTHERS,1783.0005745152723,391.4293406188176,PIT
315972335.75021136,00000000-0000-0000-0000-000000057547,OTHERS,1783.0005745152723,391.4293406188176,PIT
315972335.75021136,00000000-0000-0000-0000-000000057563,OTHERS,1742.672907257828,468.4552757313841,PIT
315972335.84897685,00000000-0000-0000-0000-000000057563,OTHERS,1742.1458408986907,468.0710793657383,PIT
315972335.94824475,00000000-0000-0000-0000-000000057563,OTHERS,1741.3720260658367,467.349158113892,PIT
315972336.04916114,00000000-0000-0000-0000-000000057563,OTHERS,1740.9466087273368,466.94019183906863,PIT
315972336.1512478,00000000-0000-0000-0000-000000057563,OTHERS,1739.9940265916998,466.2612897119698,PIT
315972336.25336164,00000000-0000-0000-0000-000000057563,OTHERS,1739.1877725040729,465.5221744870038,PIT
315972336.35073835,00000000-0000-0000-0000-000000057563,OTHERS,1738.430795142464,464.9302335049257,PIT
315972336.4531622,00000000-0000-0000-0000-000000057563,OTHERS,1738.2233319224931,464.7181825023442,PIT
315972336.55683976,00000000-0000-0000-0000-000000057563,OTHERS,1737.5498519132211,464.3581679598586,PIT
315972336.6539576,00000000-0000-0000-0000-000000057563,OTHERS,1737.2993183299952,463.9125737421906,PIT
315972336.750269,00000000-0000-0000-0000-000000057563,OTHERS,1736.975482816687,463.6834765731769,PIT
315972336.84391814,00000000-0000-0000-0000-000000057563,OTHERS,1734.0961678036404,461.1708657562351,PIT
315972336.96327657,00000000-0000-0000-0000-000000057563,OTHERS,1733.321647692991,460.6106505724652,PIT
315972337.05401343,00000000-0000-0000-0000-000000057563,OTHERS,1733.1542268872088,460.5755760762888,PIT
315972337.16375786,00000000-0000-0000-0000-000000057563,OTHERS,1732.4713454463156,460.0013289216764,PIT
315972337.24840605,00000000-0000-0000-0000-000000057563,OTHERS,1731.8866549573495,459.45187954849337,PIT
315972337.35458213,00000000-0000-0000-0000-000000057563,OTHERS,1731.274079649175,459.0244375359529,PIT
315972337.4485729,00000000-0000-0000-0000-000000057563,OTHERS,1730.5239381522774,458.3857680380198,PIT
315972337.5446156,00000000-0000-0000-0000-000000057563,OTHERS,1729.7167972648456,457.73108683369566,PIT
315972337.6428197,00000000-0000-0000-0000-000000057563,OTHERS,1729.0363822191737,457.24089191147993,PIT
315972337.74713194,00000000-0000-0000-0000-000000057563,OTHERS,1728.3550057300056,456.62941609408426,PIT
315972337.8496787,00000000-0000-0000-0000-000000057563,OTHERS,1727.6972110114448,456.1710673679338,PIT
315972337.9485953,00000000-0000-0000-0000-000000057563,OTHERS,1727.1058560061158,455.7983561004013,PIT
315972338.0475016,00000000-0000-0000-0000-000000057563,OTHERS,1726.7559509116115,455.2976727308409,PIT
315972338.1461541,00000000-0000-0000-0000-000000057563,OTHERS,1726.392622453577,455.0401316152442,PIT
315972336.25336164,00000000-0000-0000-0000-000000057564,OTHERS,1733.287265188768,456.0542957376752,PIT
315972336.35073835,00000000-0000-0000-0000-000000057564,OTHERS,1732.9285983812213,455.7636172297409,PIT
315972336.4531622,00000000-0000-0000-0000-000000057564,OTHERS,1732.1954038503766,455.24241066937,PIT
315972336.55683976,00000000-0000-0000-0000-000000057564,OTHERS,1731.692470346856,454.7656586340469,PIT
315972336.6539576,00000000-0000-0000-0000-000000057564,OTHERS,1731.2130799570302,454.31396055699264,PIT
315972336.750269,00000000-0000-0000-0000-000000057564,OTHERS,1730.7393135116477,453.9612409329092,PIT
315972336.84391814,00000000-0000-0000-0000-000000057564,OTHERS,1730.2856061545294,453.4312004747552,PIT
315972336.96327657,00000000-0000-0000-0000-000000057564,OTHERS,1729.722043074171,452.93801926527743,PIT
315972337.05401343,00000000-0000-0000-0000-000000057564,OTHERS,1729.397758051079,452.72881759439247,PIT
315972337.16375786,00000000-0000-0000-0000-000000057564,OTHERS,1729.1470730367498,452.4664268837787,PIT
315972337.24840605,00000000-0000-0000-0000-000000057564,OTHERS,1729.1470730367498,452.4664268837787,PIT
315972337.35458213,00000000-0000-0000-0000-000000057564,OTHERS,1729.1470730367498,452.4664268837787,PIT
315972337.4485729,00000000-0000-0000-0000-000000057564,OTHERS,1729.1470730367498,452.4664268837787,PIT
